"","season","matchID","inn1EOIRuns","predO6EOIRuns","errO6Run","errO6Per","predO10EOIRuns","errO10Run","errO10Per","predO15EOIRuns","errO15Run","errO15Per","inn2EOIRuns","predO26EOIRuns","errO26Run","errO26Per","predO26TeamBatFirstWinMod","actualTeamBatFirstWin","correctPredWinModO26","predO26TeamBatFirstWinEOI","correctPredWinEOIO26","predO30EOIRuns","errO30Run","errO30Per","predO30TeamBatFirstWinMod","correctPredWinModO30","predO30TeamBatFirstWinEOI","correctPredWinEOIO30","predO30EOIRuns.1","errO35Run","errO35Per","predO35TeamBatFirstWinMod","correctPredWinModO35","predO35TeamBatFirstWinEOI","correctPredWinEOIO35"
"1",2015,829710,168,144.557308507219,-23.44,-13.95,139.671889031714,-28.33,-16.86,153.774584392077,-14.23,-8.47,170,148.821440446712,-21.18,-12.46,TRUE,FALSE,FALSE,TRUE,FALSE,160.848388290052,-9.15,-5.38,FALSE,TRUE,TRUE,FALSE,160.848388290052,-3.3,-1.94,FALSE,TRUE,TRUE,FALSE
"11",2015,829712,150,172.520922428098,22.52,15.01,165.478605434806,15.48,10.32,162.07567947372,12.08,8.05,149,134.943893487394,-14.06,-9.43,TRUE,TRUE,TRUE,TRUE,TRUE,138.609941988567,-10.39,-6.97,TRUE,TRUE,TRUE,TRUE,138.609941988567,-11.58,-7.77,TRUE,TRUE,TRUE,TRUE
"12",2015,829714,162,129.748882875756,-32.25,-19.91,156.188187529693,-5.81,-3.59,154.070967005611,-7.93,-4.89,136,142.197151304409,6.2,4.56,TRUE,TRUE,TRUE,TRUE,TRUE,130.528712602535,-5.47,-4.02,TRUE,TRUE,TRUE,TRUE,130.528712602535,0.17,0.12,TRUE,TRUE,TRUE,TRUE
"13",2015,829716,209,178.300650073135,-30.7,-14.69,185.853630436688,-23.15,-11.07,200.710401528992,-8.29,-3.97,164,166.107325387857,2.11,1.28,TRUE,TRUE,TRUE,TRUE,TRUE,170.376661508573,6.38,3.89,TRUE,TRUE,TRUE,TRUE,170.376661508573,-2.84,-1.73,TRUE,TRUE,TRUE,TRUE
"14",2015,829718,177,180.936756050786,3.94,2.22,180.040978767713,3.04,1.72,170.994147006658,-6.01,-3.39,179,159.486458180719,-19.51,-10.9,TRUE,FALSE,FALSE,TRUE,FALSE,153.34004619554,-25.66,-14.34,TRUE,FALSE,TRUE,FALSE,153.34004619554,-11.9,-6.65,TRUE,FALSE,TRUE,FALSE
"15",2015,829720,184,173.561863103469,-10.44,-5.67,180.69228715607,-3.31,-1.8,175.668281629,-8.33,-4.53,186,161.307513488295,-24.69,-13.28,TRUE,FALSE,FALSE,TRUE,FALSE,159.272873421675,-26.73,-14.37,TRUE,FALSE,TRUE,FALSE,159.272873421675,-15.55,-8.36,TRUE,FALSE,TRUE,FALSE
"16",2015,829722,177,184.07199064606,7.07,4,177.214520919933,0.21,0.12,179.227946205501,2.23,1.26,159,127.490948983315,-31.51,-19.82,TRUE,TRUE,TRUE,TRUE,TRUE,119.460963004211,-39.54,-24.87,TRUE,TRUE,TRUE,TRUE,119.460963004211,-43.18,-27.16,TRUE,TRUE,TRUE,TRUE
"17",2015,829724,166,169.26737509139,3.27,1.97,173.466406563204,7.47,4.5,158.822530136259,-7.18,-4.32,172,181.15566075705,9.16,5.32,FALSE,FALSE,TRUE,FALSE,TRUE,173.15996775997,1.16,0.67,FALSE,TRUE,FALSE,TRUE,173.15996775997,-1.62,-0.94,FALSE,TRUE,FALSE,TRUE
"18",2015,829726,164,148.517423925564,-15.48,-9.44,127.28466515823,-36.72,-22.39,131.700601760656,-32.3,-19.69,165,153.00032066041,-12,-7.27,FALSE,FALSE,TRUE,TRUE,FALSE,152.600829843078,-12.4,-7.51,FALSE,TRUE,TRUE,FALSE,152.600829843078,-6.82,-4.13,FALSE,TRUE,TRUE,FALSE
"19",2015,829728,165,169.92660097606,4.93,2.99,158.52307296253,-6.48,-3.93,167.214200203871,2.21,1.34,169,149.857372350969,-19.14,-11.33,TRUE,FALSE,FALSE,TRUE,FALSE,146.943112063501,-22.06,-13.05,TRUE,FALSE,TRUE,FALSE,146.943112063501,-14.59,-8.63,FALSE,TRUE,TRUE,FALSE
"110",2015,829730,165,158.154313497852,-6.85,-4.15,169.33733193871,4.34,2.63,164.161812410629,-0.84,-0.51,169,150.86539090073,-18.13,-10.73,FALSE,FALSE,TRUE,TRUE,FALSE,139.454987937467,-29.55,-17.48,TRUE,FALSE,TRUE,FALSE,139.454987937467,-13.29,-7.86,FALSE,TRUE,TRUE,FALSE
"111",2015,829732,127,147.217838815477,20.22,15.92,137.607351719466,10.61,8.35,138.945620228426,11.95,9.41,131,126.816646311436,-4.18,-3.19,FALSE,FALSE,TRUE,TRUE,FALSE,127.411079908273,-3.59,-2.74,FALSE,TRUE,FALSE,TRUE,127.411079908273,-7.65,-5.84,FALSE,TRUE,TRUE,FALSE
"112",2015,829734,183,129.111587362902,-53.89,-29.45,138.258660107824,-44.74,-24.45,172.820023132847,-10.18,-5.56,189,189.04400755637,0.04,0.02,FALSE,FALSE,TRUE,FALSE,TRUE,192.335614757238,3.34,1.76,FALSE,TRUE,FALSE,TRUE,192.335614757238,6.84,3.62,FALSE,TRUE,FALSE,TRUE
"113",2015,829736,167,155.6543669563,-11.35,-6.79,176.563212531575,9.56,5.73,177.15927582729,10.16,6.08,163,164.972159382897,1.97,1.21,FALSE,TRUE,FALSE,TRUE,TRUE,160.888749694291,-2.11,-1.3,TRUE,TRUE,TRUE,TRUE,160.888749694291,-9.11,-5.59,FALSE,FALSE,TRUE,TRUE
"114",2015,829738,155,147.937452034478,-7.06,-4.56,160.317262154187,5.32,3.43,156.263325280399,1.26,0.82,159,148.419659079889,-10.58,-6.65,FALSE,FALSE,TRUE,TRUE,FALSE,129.485145778894,-29.51,-18.56,TRUE,FALSE,TRUE,FALSE,129.485145778894,-9.97,-6.27,FALSE,TRUE,TRUE,FALSE
"115",2015,829740,156,154.283192030268,-1.72,-1.1,144.452272044566,-11.55,-7.4,154.703640941575,-1.3,-0.83,157,152.402415659676,-4.6,-2.93,FALSE,FALSE,TRUE,TRUE,FALSE,164.484769160842,7.48,4.77,FALSE,TRUE,FALSE,TRUE,164.484769160842,24.26,15.45,FALSE,TRUE,FALSE,TRUE
"116",2015,829742,209,170.249864555065,-38.75,-18.54,179.660018499946,-29.34,-14.04,188.784994186646,-20.22,-9.67,191,166.097642842072,-24.9,-13.04,TRUE,TRUE,TRUE,TRUE,TRUE,152.391902505006,-38.61,-20.21,TRUE,TRUE,TRUE,TRUE,152.391902505006,-22,-11.52,TRUE,TRUE,TRUE,TRUE
"117",2015,829744,146,142.151927405402,-3.85,-2.64,152.059112905198,6.06,4.15,144.199497904681,-1.8,-1.23,147,137.031180328192,-9.97,-6.78,FALSE,FALSE,TRUE,TRUE,FALSE,138.329544098037,-8.67,-5.9,FALSE,TRUE,TRUE,FALSE,138.329544098037,-1.29,-0.88,FALSE,TRUE,TRUE,FALSE
"118",2015,829746,191,169.492157903262,-21.51,-11.26,193.460471297321,2.46,1.29,187.909469648718,-3.09,-1.62,191,166.913954685149,-24.09,-12.61,TRUE,FALSE,FALSE,TRUE,FALSE,151.904676383251,-39.1,-20.47,TRUE,FALSE,TRUE,FALSE,151.904676383251,-23.24,-12.17,TRUE,FALSE,TRUE,FALSE
"119",2015,829750,181,166.76257490128,-14.24,-7.87,171.020908983191,-9.98,-5.51,178.218158105604,-2.78,-1.54,154,150.868734319558,-3.13,-2.03,TRUE,TRUE,TRUE,TRUE,TRUE,156.077221937492,2.08,1.35,TRUE,TRUE,TRUE,TRUE,156.077221937492,-4.77,-3.1,TRUE,TRUE,TRUE,TRUE
"120",2015,829752,190,168.455323084538,-21.54,-11.34,161.07918268972,-28.92,-15.22,198.80287563729,8.8,4.63,153,156.821761486608,3.82,2.5,TRUE,TRUE,TRUE,TRUE,TRUE,163.749979915897,10.75,7.03,TRUE,TRUE,TRUE,TRUE,163.749979915897,12.74,8.32,TRUE,TRUE,TRUE,TRUE
"121",2015,829754,130,156.819570910028,26.82,20.63,156.188187529693,26.19,20.14,140.973307176735,10.97,8.44,134,139.799458623857,5.8,4.33,FALSE,FALSE,TRUE,FALSE,TRUE,145.597297449064,11.6,8.65,FALSE,TRUE,FALSE,TRUE,145.597297449064,17.84,13.32,FALSE,TRUE,FALSE,TRUE
"122",2015,829756,157,164.834338607631,7.83,4.99,161.730491078077,4.73,3.01,155.3683964804,-1.63,-1.04,137,146.209093393905,9.21,6.72,FALSE,TRUE,FALSE,TRUE,TRUE,145.05306495491,8.05,5.88,FALSE,FALSE,TRUE,TRUE,145.05306495491,10,7.3,TRUE,TRUE,TRUE,TRUE
"123",2015,829758,192,179.932059391909,-12.07,-6.29,194.111779685678,2.11,1.1,195.638735385376,3.64,1.9,95,151.98417593002,56.98,59.98,TRUE,TRUE,TRUE,TRUE,TRUE,126.459956961394,31.46,33.12,TRUE,TRUE,TRUE,TRUE,126.459956961394,20.63,21.72,TRUE,TRUE,TRUE,TRUE
"124",2015,829764,150,165.110334912273,15.11,10.07,159.284993498064,9.28,6.19,158.727486141743,8.73,5.82,130,129.852222538575,-0.15,-0.11,TRUE,TRUE,TRUE,TRUE,TRUE,118.708596283928,-11.29,-8.69,TRUE,TRUE,TRUE,TRUE,118.708596283928,-5.64,-4.34,TRUE,TRUE,TRUE,TRUE
"125",2015,829766,171,165.963353538185,-5.04,-2.95,161.730491078077,-9.27,-5.42,154.377952965269,-16.62,-9.72,158,158.206175746012,0.21,0.13,TRUE,TRUE,TRUE,TRUE,TRUE,167.471045153565,9.47,5.99,TRUE,TRUE,TRUE,TRUE,167.471045153565,-11.61,-7.35,TRUE,TRUE,TRUE,TRUE
"126",2015,829770,134,177.197105579882,43.2,32.24,156.188187529693,22.19,16.56,140.831521096601,6.83,5.1,132,135.609070376002,3.61,2.73,FALSE,TRUE,FALSE,FALSE,FALSE,129.327852131989,-2.67,-2.02,FALSE,FALSE,TRUE,TRUE,129.327852131989,-5.59,-4.24,FALSE,FALSE,TRUE,TRUE
"127",2015,829772,118,115.332340200064,-2.67,-2.26,108.593217200828,-9.41,-7.97,113.925754983394,-4.07,-3.45,119,127.092342888545,8.09,6.8,FALSE,FALSE,TRUE,FALSE,TRUE,142.041385682051,23.04,19.36,FALSE,TRUE,FALSE,TRUE,142.041385682051,-5.59,-4.24,FALSE,FALSE,TRUE,TRUE
"128",2015,829774,187,170.583474513853,-16.42,-8.78,171.020908983191,-15.98,-8.54,164.570570208523,-22.43,-11.99,179,168.961138015786,-10.04,-5.61,TRUE,TRUE,TRUE,TRUE,TRUE,158.878673991116,-20.12,-11.24,TRUE,TRUE,TRUE,TRUE,158.878673991116,-0.44,-0.24,FALSE,FALSE,TRUE,TRUE
"129",2015,829778,192,205.722572029906,13.72,7.15,197.859894042406,5.86,3.05,195.495689082424,3.5,1.82,170,163.254156563089,-6.75,-3.97,TRUE,TRUE,TRUE,TRUE,TRUE,166.178234889941,-3.82,-2.25,TRUE,TRUE,TRUE,TRUE,166.178234889941,1.33,0.78,TRUE,TRUE,TRUE,TRUE
"130",2015,829780,172,181.228134437116,9.23,5.37,199.654083234063,27.65,16.08,182.81376007428,10.81,6.29,149,153.617079328766,4.62,3.1,TRUE,TRUE,TRUE,TRUE,TRUE,146.611154602289,-2.39,-1.6,TRUE,TRUE,TRUE,TRUE,146.611154602289,6.92,4.64,FALSE,FALSE,TRUE,TRUE
"131",2015,829782,189,170.493069023196,-18.51,-9.79,170.369600594833,-18.63,-9.86,175.343415906611,-13.66,-7.23,175,168.931145352039,-6.07,-3.47,TRUE,TRUE,TRUE,TRUE,TRUE,146.899624844783,-28.1,-16.06,TRUE,TRUE,TRUE,TRUE,146.899624844783,-15.65,-8.94,TRUE,TRUE,TRUE,TRUE
"132",2015,829784,148,147.015032646744,-0.98,-0.67,157.601416453583,9.6,6.49,146.109634826163,-1.89,-1.28,124,126.042260287725,2.04,1.65,TRUE,TRUE,TRUE,TRUE,TRUE,130.613821489832,6.61,5.33,FALSE,FALSE,TRUE,TRUE,130.613821489832,6.62,5.34,TRUE,TRUE,TRUE,TRUE
"133",2015,829786,167,181.131845009999,14.13,8.46,173.466406563204,6.47,3.87,147.442598284916,-19.56,-11.71,132,141.770430978948,9.77,7.4,TRUE,TRUE,TRUE,TRUE,TRUE,137.954588120963,5.95,4.51,TRUE,TRUE,TRUE,TRUE,137.954588120963,-1.97,-1.49,TRUE,TRUE,TRUE,TRUE
"134",2015,829788,152,160.287915674137,8.29,5.45,152.059112905198,0.06,0.04,145.294311388659,-6.71,-4.41,153,130.551780030885,-22.45,-14.67,TRUE,FALSE,FALSE,TRUE,FALSE,123.887132634169,-29.11,-19.03,TRUE,FALSE,TRUE,FALSE,123.887132634169,-19.77,-12.92,TRUE,FALSE,TRUE,FALSE
"135",2015,829790,226,201.821034231432,-24.18,-10.7,207.912232483052,-18.09,-8,232.439703898117,6.44,2.85,88,151.908667960864,63.91,72.62,TRUE,TRUE,TRUE,TRUE,TRUE,149.11633903328,61.12,69.45,TRUE,TRUE,TRUE,TRUE,149.11633903328,-19.77,-12.92,TRUE,FALSE,TRUE,FALSE
"136",2015,829792,201,181.761502795393,-19.24,-9.57,184.821361780565,-16.18,-8.05,179.387651705829,-21.61,-10.75,194,164.030893970865,-29.97,-15.45,TRUE,TRUE,TRUE,TRUE,TRUE,164.43530778809,-29.56,-15.24,TRUE,TRUE,TRUE,TRUE,164.43530778809,-15.43,-7.95,TRUE,TRUE,TRUE,TRUE
"137",2015,829794,158,169.914068313259,11.91,7.54,149.99457559295,-8.01,-5.07,155.988831044474,-2.01,-1.27,159,161.012768273346,2.01,1.27,FALSE,FALSE,TRUE,FALSE,TRUE,157.994022919407,-1.01,-0.63,FALSE,TRUE,TRUE,FALSE,157.994022919407,-15.24,-9.58,FALSE,TRUE,TRUE,FALSE
"138",2015,829796,183,166.508075579037,-16.49,-9.01,171.401869250957,-11.6,-6.34,188.874393540516,5.87,3.21,184,164.885379978526,-19.11,-10.39,FALSE,FALSE,TRUE,TRUE,FALSE,148.082336226927,-35.92,-19.52,TRUE,FALSE,TRUE,FALSE,148.082336226927,-13.07,-7.1,TRUE,FALSE,TRUE,FALSE
"139",2015,829798,163,154.999637959877,-8,-4.91,151.407804516841,-11.59,-7.11,143.766708652696,-19.23,-11.8,157,155.431235209295,-1.57,-1,FALSE,TRUE,FALSE,TRUE,TRUE,141.487210422414,-15.51,-9.88,TRUE,TRUE,TRUE,TRUE,141.487210422414,-12.33,-7.86,TRUE,TRUE,TRUE,TRUE
"140",2015,829800,235,153.254424293348,-81.75,-34.79,184.821361780565,-50.18,-21.35,209.173019388738,-25.83,-10.99,196,190.700561865383,-5.3,-2.7,TRUE,TRUE,TRUE,TRUE,TRUE,190.940702055346,-5.06,-2.58,TRUE,TRUE,TRUE,TRUE,190.940702055346,2.43,1.24,TRUE,TRUE,TRUE,TRUE
"141",2015,829802,157,142.019442264071,-14.98,-9.54,149.343267204593,-7.66,-4.88,163.980436031078,6.98,4.45,145,139.893496605418,-5.11,-3.52,FALSE,TRUE,FALSE,TRUE,TRUE,143.076634551246,-1.92,-1.33,TRUE,TRUE,TRUE,TRUE,143.076634551246,-9.21,-6.35,TRUE,TRUE,TRUE,TRUE
"142",2015,829804,185,189.454317490349,4.45,2.41,182.756824468317,-2.24,-1.21,193.80763965076,8.81,4.76,180,161.100978905157,-18.9,-10.5,TRUE,TRUE,TRUE,TRUE,TRUE,145.662457664499,-34.34,-19.08,TRUE,TRUE,TRUE,TRUE,145.662457664499,-29.93,-16.63,TRUE,TRUE,TRUE,TRUE
"143",2015,829806,119,132.549035935454,13.55,11.39,128.316933814353,9.32,7.83,134.992194267347,15.99,13.44,120,109.153929144763,-10.85,-9.04,FALSE,FALSE,TRUE,TRUE,FALSE,109.577471428687,-10.42,-8.69,FALSE,TRUE,TRUE,FALSE,109.577471428687,-0.59,-0.49,FALSE,TRUE,FALSE,TRUE
"144",2015,829810,171,155.051615436916,-15.95,-9.33,149.99457559295,-21.01,-12.28,148.306797211455,-22.69,-13.27,166,152.733651504228,-13.27,-7.99,TRUE,TRUE,TRUE,TRUE,TRUE,161.451933073468,-4.55,-2.74,TRUE,TRUE,TRUE,TRUE,161.451933073468,0.03,0.02,FALSE,FALSE,TRUE,TRUE
"145",2015,829814,130,144.822656006803,14.82,11.4,125.490475966573,-4.51,-3.47,124.342082843063,-5.66,-4.35,134,128.609684993056,-5.39,-4.02,FALSE,FALSE,TRUE,TRUE,FALSE,139.831987671003,5.83,4.35,FALSE,TRUE,FALSE,TRUE,139.831987671003,6.12,4.57,FALSE,TRUE,FALSE,TRUE
"146",2015,829816,199,193.459093951736,-5.54,-2.78,204.434466246915,5.43,2.73,188.91469207878,-10.09,-5.07,190,169.698557140527,-20.3,-10.68,TRUE,TRUE,TRUE,TRUE,TRUE,170.398041112137,-19.6,-10.32,TRUE,TRUE,TRUE,TRUE,170.398041112137,-21.53,-11.33,TRUE,TRUE,TRUE,TRUE
"147",2015,829820,113,127.707398848653,14.71,13.02,123.425938654326,10.43,9.23,114.989778262722,1.99,1.76,114,122.564138929262,8.56,7.51,FALSE,FALSE,TRUE,FALSE,TRUE,130.435156514606,16.44,14.42,FALSE,TRUE,FALSE,TRUE,130.435156514606,-21.53,-11.33,TRUE,TRUE,TRUE,TRUE
"148",2015,829822,187,173.305059690461,-13.69,-7.32,189.331396672826,2.33,1.25,187.692399619244,0.69,0.37,162,159.780665840639,-2.22,-1.37,TRUE,TRUE,TRUE,TRUE,TRUE,166.757565395174,4.76,2.94,TRUE,TRUE,TRUE,TRUE,166.757565395174,-5.12,-3.16,TRUE,TRUE,TRUE,TRUE
"149",2015,829824,180,160.346383356479,-19.65,-10.92,149.343267204593,-30.66,-17.03,170.033672364698,-9.97,-5.54,109,152.863599630691,43.86,40.24,TRUE,TRUE,TRUE,TRUE,TRUE,152.219854142714,43.22,39.65,TRUE,TRUE,TRUE,TRUE,152.219854142714,28.29,25.96,TRUE,TRUE,TRUE,TRUE
"150",2015,829826,139,135.944267398588,-3.06,-2.2,128.316933814353,-10.68,-7.69,135.54824634618,-3.45,-2.48,140,131.394602675635,-8.61,-6.15,FALSE,FALSE,TRUE,TRUE,FALSE,130.886275469782,-9.11,-6.51,FALSE,TRUE,TRUE,FALSE,130.886275469782,-15.18,-10.85,FALSE,TRUE,TRUE,FALSE
"151",2015,829828,202,180.027641783083,-21.97,-10.88,195.144048341801,-6.86,-3.39,199.196431500213,-2.8,-1.39,161,162.505719733704,1.51,0.94,TRUE,TRUE,TRUE,TRUE,TRUE,172.815447156268,11.82,7.34,TRUE,TRUE,TRUE,TRUE,172.815447156268,-1.64,-1.02,TRUE,TRUE,TRUE,TRUE
"152",2016,980906,121,131.228648981086,10.23,8.45,117.800780978361,-3.2,-2.64,108.086254259871,-12.91,-10.67,126,146.11780981322,20.12,15.97,FALSE,FALSE,TRUE,FALSE,TRUE,140.924035482523,14.92,11.84,FALSE,TRUE,FALSE,TRUE,140.924035482523,26.36,20.92,FALSE,TRUE,FALSE,TRUE
"153",2016,980908,98,133.003662505699,35,35.72,124.90426052844,26.9,27.45,121.371760465085,23.37,23.85,99,124.606298449828,25.61,25.86,FALSE,FALSE,TRUE,FALSE,TRUE,123.460018458759,24.46,24.71,FALSE,TRUE,FALSE,TRUE,123.460018458759,28.63,28.92,FALSE,TRUE,FALSE,TRUE
"154",2016,980910,161,182.987361402857,21.99,13.66,184.246550101991,23.25,14.44,172.740918386183,11.74,7.29,162,144.975433121533,-17.02,-10.51,FALSE,FALSE,TRUE,TRUE,FALSE,164.955093136762,2.96,1.82,FALSE,TRUE,FALSE,TRUE,164.955093136762,5.62,3.47,FALSE,TRUE,FALSE,TRUE
"155",2016,980912,227,173.381631389156,-53.62,-23.62,185.261332894859,-41.74,-18.39,219.952812006987,-7.05,-3.1,182,191.541356761128,9.54,5.24,TRUE,TRUE,TRUE,TRUE,TRUE,193.725149929546,11.73,6.44,TRUE,TRUE,TRUE,TRUE,193.725149929546,4.43,2.43,TRUE,TRUE,TRUE,TRUE
"156",2016,980914,187,158.501042106344,-28.5,-15.24,178.15785334478,-8.84,-4.73,195.330581629457,8.33,4.45,188,161.06277633072,-26.94,-14.33,TRUE,FALSE,FALSE,TRUE,FALSE,161.226300389051,-26.77,-14.24,FALSE,TRUE,TRUE,FALSE,161.226300389051,-20.43,-10.87,FALSE,TRUE,TRUE,FALSE
"157",2016,980916,163,179.103811847597,16.1,9.88,184.246550101991,21.25,13.03,170.524166187429,7.52,4.62,164,164.888153795491,0.89,0.54,FALSE,FALSE,TRUE,FALSE,TRUE,161.837579491438,-2.16,-1.32,FALSE,TRUE,TRUE,FALSE,161.837579491438,1.32,0.8,FALSE,TRUE,FALSE,TRUE
"158",2016,980918,111,151.770657520503,40.77,36.73,134.665918957486,23.67,21.32,113.607156035311,2.61,2.35,113,112.198056339524,-0.8,-0.71,FALSE,FALSE,TRUE,FALSE,TRUE,119.198465898805,6.2,5.49,FALSE,TRUE,FALSE,TRUE,119.198465898805,1.32,0.8,FALSE,TRUE,FALSE,TRUE
"159",2016,980920,142,138.239159422142,-3.76,-2.65,128.577222200274,-13.42,-9.45,144.354291883957,2.35,1.66,146,142.517145277751,-3.48,-2.39,FALSE,FALSE,TRUE,FALSE,TRUE,151.780258172439,5.78,3.96,FALSE,TRUE,FALSE,TRUE,151.780258172439,-0.3,-0.2,FALSE,TRUE,FALSE,TRUE
"160",2016,980922,143,142.749731133557,-0.25,-0.18,142.398011800794,-0.6,-0.42,124.267298574664,-18.73,-13.1,147,140.513511231167,-6.49,-4.41,FALSE,FALSE,TRUE,TRUE,FALSE,137.257598657659,-9.74,-6.63,FALSE,TRUE,TRUE,FALSE,137.257598657659,-11.35,-7.72,FALSE,TRUE,TRUE,FALSE
"161",2016,980924,152,164.613056744532,12.61,8.3,166.366629329998,14.37,9.45,164.700603912162,12.7,8.36,153,151.681397312935,-1.32,-0.86,FALSE,FALSE,TRUE,TRUE,FALSE,155.927648192043,2.93,1.91,FALSE,TRUE,FALSE,TRUE,155.927648192043,4.31,2.81,FALSE,TRUE,FALSE,TRUE
"162",2016,980926,191,185.091027160417,-5.91,-3.09,194.394378030676,3.39,1.78,198.266424181096,7.27,3.8,192,160.66919101259,-31.33,-16.32,TRUE,FALSE,FALSE,TRUE,FALSE,178.318148984383,-13.68,-7.13,TRUE,FALSE,TRUE,FALSE,178.318148984383,-3.98,-2.07,FALSE,TRUE,TRUE,FALSE
"163",2016,980928,142,149.658235157087,7.66,5.39,141.383229007925,-0.62,-0.43,158.106652665564,16.11,11.34,145,128.601668601472,-16.4,-11.31,FALSE,FALSE,TRUE,TRUE,FALSE,140.254331264072,-4.75,-3.27,FALSE,TRUE,TRUE,FALSE,140.254331264072,-3.94,-2.72,FALSE,TRUE,TRUE,FALSE
"164",2016,980930,138,162.12829347103,24.13,17.48,146.070973472628,8.07,5.85,134.298657665826,-3.7,-2.68,141,155.302143537385,14.3,10.14,FALSE,FALSE,TRUE,FALSE,TRUE,153.074911937914,12.07,8.56,FALSE,TRUE,FALSE,TRUE,153.074911937914,3.31,2.35,FALSE,TRUE,FALSE,TRUE
"165",2016,980932,170,167.763143231354,-2.24,-1.32,186.276115687728,16.28,9.57,161.935049102943,-8.06,-4.74,171,158.944535612694,-12.06,-7.05,FALSE,FALSE,TRUE,TRUE,FALSE,159.703360761996,-11.3,-6.61,FALSE,TRUE,TRUE,FALSE,159.703360761996,-6.35,-3.71,FALSE,TRUE,TRUE,FALSE
"166",2016,980934,135,176.454477369676,41.45,30.71,157.619753693821,22.62,16.76,146.097923226122,11.1,8.22,137,150.611439616568,13.61,9.94,FALSE,FALSE,TRUE,FALSE,TRUE,157.913240316591,20.91,15.27,FALSE,TRUE,FALSE,TRUE,157.913240316591,28.87,21.07,FALSE,TRUE,FALSE,TRUE
"167",2016,980936,185,163.973070279534,-21.03,-11.37,176.128287759043,-8.87,-4.8,192.733133407315,7.73,4.18,172,155.485760699158,-16.51,-9.6,TRUE,TRUE,TRUE,TRUE,TRUE,162.909206738312,-9.09,-5.29,TRUE,TRUE,TRUE,TRUE,162.909206738312,-6.81,-3.96,TRUE,TRUE,TRUE,TRUE
"168",2016,980938,164,161.359801533845,-2.64,-1.61,148.486708558005,-15.51,-9.46,162.442403384466,-1.56,-0.95,154,160.26055377323,6.26,4.07,FALSE,TRUE,FALSE,TRUE,TRUE,150.98504703131,-3.01,-1.96,FALSE,FALSE,TRUE,TRUE,150.98504703131,0.11,0.07,FALSE,FALSE,TRUE,TRUE
"169",2016,980940,143,149.989240916686,6.99,4.89,141.769398507565,-1.23,-0.86,146.441033071452,3.44,2.41,146,159.202217435191,13.2,9.04,FALSE,FALSE,TRUE,FALSE,TRUE,159.742598803937,13.74,9.41,FALSE,TRUE,FALSE,TRUE,159.742598803937,3.48,2.38,FALSE,TRUE,FALSE,TRUE
"170",2016,980942,180,165.25831058363,-14.74,-8.19,166.366629329998,-13.63,-7.57,176.055472050379,-3.94,-2.19,182,171.788882027073,-10.21,-5.61,FALSE,FALSE,TRUE,TRUE,FALSE,169.14442140876,-12.86,-7.06,FALSE,TRUE,TRUE,FALSE,169.14442140876,-1.91,-1.05,FALSE,TRUE,FALSE,TRUE
"171",2016,980944,160,156.587109491172,-3.41,-2.13,157.86219748741,-2.14,-1.34,152.160574594272,-7.84,-4.9,162,153.985392280544,-8.01,-4.95,FALSE,FALSE,TRUE,TRUE,FALSE,143.898517477786,-18.1,-11.17,FALSE,TRUE,TRUE,FALSE,143.898517477786,-12.83,-7.92,FALSE,TRUE,TRUE,FALSE
"172",2016,980946,189,153.031901516957,-35.97,-19.03,174.098722173306,-14.9,-7.88,195.706182784928,6.71,3.55,164,153.661239494092,-10.34,-6.3,TRUE,TRUE,TRUE,TRUE,TRUE,157.735107173431,-6.26,-3.82,TRUE,TRUE,TRUE,TRUE,157.735107173431,0.11,0.06,TRUE,TRUE,TRUE,TRUE
"173",2016,980950,172,202.000405826579,30,17.44,214.303864388406,42.3,24.6,172.972716712047,0.97,0.57,171,139.675518136304,-31.32,-18.32,TRUE,TRUE,TRUE,TRUE,TRUE,146.370777729534,-24.63,-14.4,TRUE,TRUE,TRUE,TRUE,146.370777729534,-14.41,-8.43,TRUE,TRUE,TRUE,TRUE
"174",2016,980952,174,185.547841599791,11.55,6.64,177.529240051551,3.53,2.03,179.386678484457,5.39,3.1,178,167.302367741658,-10.7,-6.01,FALSE,FALSE,TRUE,TRUE,FALSE,154.863357392102,-23.14,-13,TRUE,FALSE,TRUE,FALSE,154.863357392102,-18.11,-10.17,FALSE,TRUE,TRUE,FALSE
"175",2016,980954,195,169.788922173832,-25.21,-12.93,182.216984516254,-12.78,-6.56,184.093635683598,-10.91,-5.59,196,189.143504976273,-6.86,-3.5,FALSE,FALSE,TRUE,TRUE,FALSE,194.366834827318,-1.63,-0.83,FALSE,TRUE,TRUE,FALSE,194.366834827318,-4.32,-2.21,FALSE,TRUE,TRUE,FALSE
"176",2016,980956,186,140.119212825312,-45.88,-24.67,153.560622522347,-32.44,-17.44,175.365639044339,-10.63,-5.72,159,157.034268246538,-1.97,-1.24,TRUE,TRUE,TRUE,TRUE,TRUE,161.688464305827,2.69,1.69,TRUE,TRUE,TRUE,TRUE,161.688464305827,-2,-1.26,TRUE,TRUE,TRUE,TRUE
"177",2016,980958,194,163.956998864873,-30.04,-15.49,179.172636137648,-14.83,-7.64,203.815122614316,9.82,5.06,179,162.041180430248,-16.96,-9.47,TRUE,TRUE,TRUE,TRUE,TRUE,171.477322090988,-7.52,-4.2,TRUE,TRUE,TRUE,TRUE,171.477322090988,-5.63,-3.15,TRUE,TRUE,TRUE,TRUE
"178",2016,980960,154,188.82185585581,34.82,22.61,154.961574814856,0.96,0.62,155.648412945476,1.65,1.07,131,138.842783237471,7.84,5.99,TRUE,TRUE,TRUE,TRUE,TRUE,126.3373366142,-4.66,-3.56,TRUE,TRUE,TRUE,TRUE,126.3373366142,-9.39,-7.17,TRUE,TRUE,TRUE,TRUE
"179",2016,980962,159,178.874191948427,19.87,12.5,183.617936808762,24.62,15.48,171.421302788323,12.42,7.81,161,150.160707949161,-10.84,-6.73,FALSE,FALSE,TRUE,TRUE,FALSE,142.984182116431,-18.02,-11.19,FALSE,TRUE,TRUE,FALSE,142.984182116431,-16.47,-10.23,FALSE,TRUE,TRUE,FALSE
"180",2016,980964,185,160.092639835698,-24.91,-13.46,176.128287759043,-8.87,-4.8,160.560624313319,-24.44,-13.21,189,153.975029723653,-35.02,-18.53,TRUE,FALSE,FALSE,TRUE,FALSE,149.953837422869,-39.05,-20.66,TRUE,FALSE,TRUE,FALSE,149.953837422869,-30.07,-15.91,TRUE,FALSE,TRUE,FALSE
"181",2016,980966,149,142.285604933817,-6.71,-4.51,148.486708558005,-0.51,-0.34,148.995182184676,0,0,150,159.092488593452,9.09,6.06,FALSE,FALSE,TRUE,FALSE,TRUE,164.322348287431,14.32,9.55,FALSE,TRUE,FALSE,TRUE,164.322348287431,9.12,6.08,FALSE,TRUE,FALSE,TRUE
"182",2016,980968,164,165.754000093979,1.75,1.07,177.77168384514,13.77,8.4,178.772466349454,14.77,9.01,157,134.816347201108,-22.18,-14.13,TRUE,TRUE,TRUE,TRUE,TRUE,136.492637945492,-20.51,-13.06,TRUE,TRUE,TRUE,TRUE,136.492637945492,-1.81,-1.15,FALSE,FALSE,TRUE,TRUE
"183",2016,980970,162,159.622628323407,-2.38,-1.47,152.545839729479,-9.45,-5.84,159.151798093879,-2.85,-1.76,166,156.139404980338,-9.86,-5.94,FALSE,FALSE,TRUE,TRUE,FALSE,152.387869037705,-13.61,-8.2,FALSE,TRUE,TRUE,FALSE,152.387869037705,-10.9,-6.57,FALSE,TRUE,TRUE,FALSE
"184",2016,980972,126,129.126104142191,3.13,2.48,130.606787786011,4.61,3.66,124.202585861459,-1.8,-1.43,129,120.313479559741,-8.69,-6.73,FALSE,FALSE,TRUE,TRUE,FALSE,117.569212642806,-11.43,-8.86,FALSE,TRUE,TRUE,FALSE,117.569212642806,-17.04,-13.21,FALSE,TRUE,TRUE,FALSE
"185",2016,980974,191,174.936810159067,-16.06,-8.41,186.276115687728,-4.72,-2.47,196.08604885332,5.09,2.66,195,172.488406368232,-22.51,-11.54,TRUE,FALSE,FALSE,TRUE,FALSE,182.92751782914,-12.07,-6.19,TRUE,FALSE,TRUE,FALSE,182.92751782914,-8.41,-4.32,FALSE,TRUE,TRUE,FALSE
"186",2016,980976,181,167.50731377056,-13.49,-7.45,166.366629329998,-14.63,-8.08,171.598864029597,-9.4,-5.19,172,166.96001513658,-5.04,-2.93,FALSE,TRUE,FALSE,TRUE,TRUE,171.759819453992,-0.24,-0.14,FALSE,FALSE,TRUE,TRUE,171.759819453992,2.85,1.66,FALSE,FALSE,TRUE,TRUE
"187",2016,980978,177,183.871651003119,6.87,3.88,182.216984516254,5.22,2.95,169.58908019652,-7.41,-4.19,92,135.651689236393,43.65,47.45,TRUE,TRUE,TRUE,TRUE,TRUE,131.356369231729,39.36,42.78,TRUE,TRUE,TRUE,TRUE,131.356369231729,25.97,28.23,TRUE,TRUE,TRUE,TRUE
"188",2016,980980,158,117.893802377383,-40.11,-25.38,133.651136164617,-24.35,-15.41,151.833846009759,-6.17,-3.9,164,146.394977255111,-17.61,-10.73,FALSE,FALSE,TRUE,TRUE,FALSE,156.332204899048,-7.67,-4.68,FALSE,TRUE,TRUE,FALSE,156.332204899048,-1.63,-0.99,FALSE,TRUE,FALSE,TRUE
"189",2016,980982,175,188.570678937395,13.57,7.75,156.604970900953,-18.4,-10.51,165.184619236215,-9.82,-5.61,174,159.944876706624,-14.06,-8.08,FALSE,TRUE,FALSE,TRUE,TRUE,165.947596522566,-8.05,-4.63,FALSE,FALSE,TRUE,TRUE,165.947596522566,-6.81,-3.91,FALSE,FALSE,TRUE,TRUE
"190",2016,980984,137,153.927313296697,16.93,12.36,159.891763073147,22.89,16.71,147.998564476999,11,8.03,133,118.634540671637,-14.37,-10.8,TRUE,TRUE,TRUE,TRUE,TRUE,123.94984223706,-9.05,-6.8,FALSE,FALSE,TRUE,TRUE,123.94984223706,-15.45,-11.61,TRUE,TRUE,TRUE,TRUE
"191",2016,980986,151,136.565856471805,-14.43,-9.56,150.130104644102,-0.87,-0.58,143.402564607163,-7.6,-5.03,153,145.64637564683,-7.35,-4.81,FALSE,FALSE,TRUE,TRUE,FALSE,138.820891246569,-14.18,-9.27,FALSE,TRUE,TRUE,FALSE,138.820891246569,-18.59,-12.15,FALSE,TRUE,TRUE,FALSE
"192",2016,980988,146,180.338816062502,34.34,23.52,177.143070551911,31.14,21.33,161.416807832355,15.42,10.56,150,144.285137341251,-5.71,-3.81,FALSE,FALSE,TRUE,TRUE,FALSE,152.073492844574,2.07,1.38,FALSE,TRUE,FALSE,TRUE,152.073492844574,0.86,0.57,FALSE,TRUE,FALSE,TRUE
"193",2016,980990,124,130.311607949664,6.31,5.09,128.191052700634,4.19,3.38,121.49117433924,-2.51,-2.02,127,123.869393731104,-3.13,-2.47,FALSE,FALSE,TRUE,TRUE,FALSE,130.686870236217,3.69,2.9,FALSE,TRUE,FALSE,TRUE,130.686870236217,20.35,16.03,FALSE,TRUE,FALSE,TRUE
"194",2016,980992,244,157.064216577499,-86.94,-35.63,169.024808208963,-74.98,-30.73,197.708966789209,-46.29,-18.97,104,189.893015005875,85.89,82.59,TRUE,TRUE,TRUE,TRUE,TRUE,165.788588550415,61.79,59.41,TRUE,TRUE,TRUE,TRUE,165.788588550415,51.97,49.97,TRUE,TRUE,TRUE,TRUE
"195",2016,980996,179,166.468779727561,-12.53,-7,174.098722173306,-4.9,-2.74,176.364037855495,-2.64,-1.47,180,172.029066515555,-7.97,-4.43,FALSE,FALSE,TRUE,TRUE,FALSE,169.158767794526,-10.84,-6.02,FALSE,TRUE,TRUE,FALSE,169.158767794526,-4.69,-2.6,FALSE,TRUE,TRUE,FALSE
"196",2016,980998,206,172.346862204053,-33.65,-16.34,181.202201723385,-24.8,-12.04,196.188159613699,-9.81,-4.76,126,175.690380801124,49.69,39.44,TRUE,TRUE,TRUE,TRUE,TRUE,170.589520501596,44.59,35.39,TRUE,TRUE,TRUE,TRUE,170.589520501596,31.71,25.17,TRUE,TRUE,TRUE,TRUE
"197",2016,981000,183,169.395847183072,-13.6,-7.43,184.246550101991,1.25,0.68,167.155447631121,-15.84,-8.66,186,179.794330404908,-6.21,-3.34,FALSE,FALSE,TRUE,TRUE,FALSE,170.323292880403,-15.68,-8.43,FALSE,TRUE,TRUE,FALSE,170.323292880403,-7.34,-3.94,FALSE,TRUE,TRUE,FALSE
"198",2016,981004,211,195.733116232383,-15.27,-7.24,233.584737452907,22.58,10.7,263.368122805122,52.37,24.82,120,156.225538096339,36.23,30.19,TRUE,TRUE,TRUE,TRUE,TRUE,134.779488956816,14.78,12.32,TRUE,TRUE,TRUE,TRUE,134.779488956816,-7.34,-3.94,FALSE,TRUE,TRUE,FALSE
"199",2016,981006,124,153.993000938274,29.99,24.19,131.62157057888,7.62,6.15,129.919599118595,5.92,4.77,125,127.876920082882,2.88,2.3,FALSE,FALSE,TRUE,FALSE,TRUE,146.895075244106,21.9,17.52,FALSE,TRUE,FALSE,TRUE,146.895075244106,-7.34,-3.94,FALSE,TRUE,TRUE,FALSE
"1100",2016,981008,158,173.149040862741,15.15,9.59,151.53105693661,-6.47,-4.09,163.487748718557,5.49,3.47,161,139.91464090116,-21.09,-13.1,FALSE,FALSE,TRUE,TRUE,FALSE,145.024360294947,-15.98,-9.92,FALSE,TRUE,TRUE,FALSE,145.024360294947,-11.45,-7.11,FALSE,TRUE,TRUE,FALSE
"1101",2016,981010,172,177.727573255062,5.73,3.33,166.366629329998,-5.63,-3.28,177.584514212884,5.58,3.25,173,157.222435396073,-15.78,-9.12,TRUE,FALSE,FALSE,TRUE,FALSE,152.161819889075,-20.84,-12.05,TRUE,FALSE,TRUE,FALSE,152.161819889075,-32.74,-18.92,TRUE,FALSE,TRUE,FALSE
"1102",2016,981012,172,155.495381403544,-16.5,-9.6,155.590188108084,-16.41,-9.54,180.095891446384,8.1,4.71,173,171.228324287436,-1.77,-1.02,FALSE,FALSE,TRUE,TRUE,FALSE,171.855296227284,-1.14,-0.66,FALSE,TRUE,TRUE,FALSE,171.855296227284,-2.68,-1.55,FALSE,TRUE,TRUE,FALSE
"1103",2016,981014,171,158.616993633438,-12.38,-7.24,168.782364415375,-2.22,-1.3,195.652369801289,24.65,14.42,149,159.014053988967,10.01,6.72,FALSE,TRUE,FALSE,TRUE,TRUE,156.206943318893,7.21,4.84,FALSE,FALSE,TRUE,TRUE,156.206943318893,2.94,1.97,TRUE,TRUE,TRUE,TRUE
"1104",2016,981016,138,158.494882109408,20.49,14.85,158.63453648669,20.63,14.95,131.917762286025,-6.08,-4.41,139,139.594243510676,0.59,0.43,FALSE,FALSE,TRUE,FALSE,TRUE,147.548630975531,8.55,6.15,FALSE,TRUE,FALSE,TRUE,147.548630975531,4.88,3.51,FALSE,TRUE,FALSE,TRUE
"1105",2016,981018,158,119.603365237864,-38.4,-24.3,141.383229007925,-16.62,-10.52,153.831595680495,-4.17,-2.64,159,116.677372361119,-42.32,-26.62,TRUE,FALSE,FALSE,TRUE,FALSE,121.18962757471,-37.81,-23.78,TRUE,FALSE,TRUE,FALSE,121.18962757471,-29.83,-18.76,TRUE,FALSE,TRUE,FALSE
"1106",2016,981020,162,158.30679176335,-3.69,-2.28,154.575405315216,-7.42,-4.58,165.901405695439,3.9,2.41,140,151.221145158868,11.22,8.02,FALSE,TRUE,FALSE,TRUE,TRUE,146.374383305393,6.37,4.55,TRUE,TRUE,TRUE,TRUE,146.374383305393,9.24,6.6,TRUE,TRUE,TRUE,TRUE
"1107",2016,981022,162,147.353986235598,-14.65,-9.04,150.516274143742,-11.48,-7.09,143.418948532638,-18.58,-11.47,163,149.007381232258,-13.99,-8.58,TRUE,FALSE,FALSE,TRUE,FALSE,141.065568463914,-21.93,-13.46,TRUE,FALSE,TRUE,FALSE,141.065568463914,-21.29,-13.06,TRUE,FALSE,TRUE,FALSE
"1108",2016,981024,208,182.422910608524,-25.58,-12.3,187.677067980236,-20.32,-9.77,195.410404877389,-12.59,-6.05,200,189.751794211311,-10.25,-5.12,TRUE,TRUE,TRUE,TRUE,TRUE,205.180328017757,5.18,2.59,FALSE,FALSE,TRUE,TRUE,205.180328017757,-1.58,-0.79,FALSE,FALSE,TRUE,TRUE
"1109",2017,1082591,207,179.634286441681,-27.37,-13.22,186.211679908087,-20.79,-10.04,208.061083314892,1.06,0.51,172,173.929713437463,1.93,1.12,TRUE,TRUE,TRUE,TRUE,TRUE,184.046844731247,12.05,7,TRUE,TRUE,TRUE,TRUE,184.046844731247,4.67,2.71,TRUE,TRUE,TRUE,TRUE
"1110",2017,1082592,184,179.074186518074,-4.93,-2.68,162.869114223465,-21.13,-11.48,160.06632675717,-23.93,-13.01,187,176.444000943233,-10.56,-5.64,FALSE,FALSE,TRUE,TRUE,FALSE,184.320104533917,-2.68,-1.43,FALSE,TRUE,FALSE,TRUE,184.320104533917,-0.91,-0.49,FALSE,TRUE,FALSE,TRUE
"1111",2017,1082593,183,182.936600236908,-0.06,-0.03,189.572400806687,6.57,3.59,182.180603686372,-0.82,-0.45,184,177.071247893763,-6.93,-3.77,FALSE,FALSE,TRUE,TRUE,FALSE,183.999155153219,0,0,FALSE,TRUE,FALSE,TRUE,183.999155153219,24.28,13.2,FALSE,TRUE,FALSE,TRUE
"1112",2017,1082594,163,158.62530991699,-4.37,-2.68,149.819278513207,-13.18,-8.09,158.172713362887,-4.83,-2.96,164,150.07405050599,-13.93,-8.49,FALSE,FALSE,TRUE,TRUE,FALSE,147.947459605656,-16.05,-9.79,FALSE,TRUE,TRUE,FALSE,147.947459605656,-7.81,-4.76,FALSE,TRUE,TRUE,FALSE
"1113",2017,1082595,157,154.075460113537,-2.92,-1.86,145.087224344352,-11.91,-7.59,164.957180196995,7.96,5.07,142,135.779145443734,-6.22,-4.38,TRUE,TRUE,TRUE,TRUE,TRUE,139.922805308944,-2.08,-1.46,FALSE,FALSE,TRUE,TRUE,139.922805308944,1.84,1.3,TRUE,TRUE,TRUE,TRUE
"1114",2017,1082596,135,144.254447769969,9.25,6.86,128.244200062153,-6.76,-5,148.02397554733,13.02,9.65,140,141.031702739015,1.03,0.74,FALSE,FALSE,TRUE,FALSE,TRUE,144.154506270886,4.15,2.97,FALSE,TRUE,FALSE,TRUE,144.154506270886,21.39,15.28,FALSE,TRUE,FALSE,TRUE
"1115",2017,1082597,178,169.891471118532,-8.11,-4.56,163.660430219805,-14.34,-8.06,165.871265358466,-12.13,-6.81,180,175.150412647098,-4.85,-2.69,FALSE,FALSE,TRUE,TRUE,FALSE,163.187725874082,-16.81,-9.34,TRUE,FALSE,TRUE,FALSE,163.187725874082,-20.05,-11.14,TRUE,FALSE,TRUE,FALSE
"1116",2017,1082598,148,126.249456520531,-21.75,-14.7,136.210497524408,-11.79,-7.97,120.232101556142,-27.77,-18.76,150,153.646906615218,3.65,2.43,FALSE,FALSE,TRUE,FALSE,TRUE,151.481320892373,1.48,0.99,FALSE,TRUE,FALSE,TRUE,151.481320892373,28.44,18.96,FALSE,TRUE,FALSE,TRUE
"1117",2017,1082599,205,179.792290162063,-25.21,-12.3,169.21549557414,-35.78,-17.46,183.243050763317,-21.76,-10.61,108,162.647644261767,54.65,50.6,TRUE,TRUE,TRUE,TRUE,TRUE,156.637333124422,48.64,45.03,TRUE,TRUE,TRUE,TRUE,156.637333124422,47.31,43.81,TRUE,TRUE,TRUE,TRUE
"1118",2017,1082600,158,161.956653496789,3.96,2.5,178.804762303073,20.8,13.17,164.059520601732,6.06,3.84,159,148.253280774384,-10.75,-6.76,FALSE,FALSE,TRUE,TRUE,FALSE,143.730384124964,-15.27,-9.6,FALSE,TRUE,TRUE,FALSE,143.730384124964,-17.69,-11.13,FALSE,TRUE,TRUE,FALSE
"1119",2017,1082601,170,178.743966000361,8.74,5.14,187.21303731128,17.21,10.13,177.415571346065,7.42,4.36,171,173.913696096905,2.91,1.7,FALSE,FALSE,TRUE,FALSE,TRUE,185.959326779396,14.96,8.75,FALSE,TRUE,FALSE,TRUE,185.959326779396,18.69,10.93,FALSE,TRUE,FALSE,TRUE
"1120",2017,1082602,142,172.466424479843,30.47,21.46,162.709501670829,20.71,14.58,168.991524342294,26.99,19.01,145,109.441464808688,-35.56,-24.52,TRUE,FALSE,FALSE,TRUE,FALSE,106.726720973282,-38.27,-26.4,TRUE,FALSE,TRUE,FALSE,106.726720973282,-23.93,-16.5,TRUE,FALSE,TRUE,FALSE
"1121",2017,1082603,171,174.937604956783,3.94,2.3,164.900793375956,-6.1,-3.57,160.201605292571,-10.8,-6.31,172,161.948712813735,-10.05,-5.84,FALSE,FALSE,TRUE,TRUE,FALSE,164.449738594142,-7.55,-4.39,FALSE,TRUE,TRUE,FALSE,164.449738594142,-9.69,-5.64,FALSE,TRUE,TRUE,FALSE
"1122",2017,1082604,172,154.655941193681,-17.34,-10.08,169.855235643765,-2.14,-1.25,178.764884954536,6.76,3.93,155,160.309391034875,5.31,3.43,FALSE,TRUE,FALSE,TRUE,TRUE,149.950605574677,-5.05,-3.26,TRUE,TRUE,TRUE,TRUE,149.950605574677,-8.74,-5.64,TRUE,TRUE,TRUE,TRUE
"1123",2017,1082605,188,177.745005362433,-10.25,-5.45,174.889725557235,-13.11,-6.97,166.09290597511,-21.91,-11.65,137,158.64167188057,21.64,15.8,TRUE,TRUE,TRUE,TRUE,TRUE,157.409252991741,20.41,14.9,TRUE,TRUE,TRUE,TRUE,157.409252991741,6.33,4.62,TRUE,TRUE,TRUE,TRUE
"1124",2017,1082606,176,163.665634822457,-12.33,-7.01,169.68304431123,-6.32,-3.59,167.089038103508,-8.91,-5.06,177,164.024345688913,-12.98,-7.33,FALSE,FALSE,TRUE,TRUE,FALSE,173.896073861411,-3.1,-1.75,FALSE,TRUE,TRUE,FALSE,173.896073861411,-8.64,-4.88,FALSE,TRUE,TRUE,FALSE
"1125",2017,1082607,161,186.280100811488,25.28,15.7,174.073733766486,13.07,8.12,178.919693032872,17.92,11.13,134,142.347527173634,8.35,6.23,TRUE,TRUE,TRUE,TRUE,TRUE,149.208115696918,15.21,11.35,TRUE,TRUE,TRUE,TRUE,149.208115696918,9.49,7.08,TRUE,TRUE,TRUE,TRUE
"1126",2017,1082608,168,185.213552490258,17.21,10.25,175.241485176753,7.24,4.31,155.523149717232,-12.48,-7.43,169,150.928917944798,-18.07,-10.69,TRUE,FALSE,FALSE,TRUE,FALSE,161.311205288146,-7.69,-4.55,FALSE,TRUE,TRUE,FALSE,161.311205288146,4.03,2.39,FALSE,TRUE,FALSE,TRUE
"1127",2017,1082609,159,150.775046012554,-8.22,-5.17,138.527772267673,-20.47,-12.88,159.080938591738,0.08,0.05,154,146.225262132141,-7.77,-5.05,FALSE,TRUE,FALSE,TRUE,TRUE,127.328822218746,-26.67,-17.32,TRUE,TRUE,TRUE,TRUE,127.328822218746,-30.09,-19.54,TRUE,TRUE,TRUE,TRUE
"1128",2017,1082610,213,175.228962235893,-37.77,-17.73,199.785606706981,-13.21,-6.2,214.423156781249,1.42,0.67,192,183.94308682915,-8.06,-4.2,TRUE,TRUE,TRUE,TRUE,TRUE,191.662534104708,-0.34,-0.18,TRUE,TRUE,TRUE,TRUE,191.662534104708,-4.29,-2.24,TRUE,TRUE,TRUE,TRUE
"1129",2017,1082611,191,157.618209205704,-33.38,-17.48,175.687462757213,-15.31,-8.02,194.53548313177,3.54,1.85,176,174.960580103121,-1.04,-0.59,TRUE,TRUE,TRUE,TRUE,TRUE,170.956472955745,-5.04,-2.87,FALSE,FALSE,TRUE,TRUE,170.956472955745,-16.36,-9.29,TRUE,TRUE,TRUE,TRUE
"1130",2017,1082612,198,166.906175438198,-31.09,-15.7,165.798181681262,-32.2,-16.26,192.766752539737,-5.23,-2.64,199,188.332188031509,-10.67,-5.36,FALSE,FALSE,TRUE,TRUE,FALSE,200.162185659626,1.16,0.58,FALSE,TRUE,FALSE,TRUE,200.162185659626,16.52,8.3,FALSE,TRUE,FALSE,TRUE
"1131",2017,1082613,187,192.063263897069,5.06,2.71,198.080315508518,11.08,5.93,201.142472847658,14.14,7.56,188,188.137926565299,0.14,0.07,FALSE,FALSE,TRUE,FALSE,TRUE,178.253027501648,-9.75,-5.18,FALSE,TRUE,TRUE,FALSE,178.253027501648,-9.69,-5.15,TRUE,FALSE,TRUE,FALSE
"1132",2017,1082614,142,164.205052153809,22.21,15.64,145.101216851555,3.1,2.18,145.873213131543,3.87,2.73,128,102.878710427489,-25.12,-19.63,TRUE,TRUE,TRUE,TRUE,TRUE,106.242900808419,-21.76,-17,TRUE,TRUE,TRUE,TRUE,106.242900808419,-7.81,-6.1,TRUE,TRUE,TRUE,TRUE
"1133",2017,1082615,176,168.012493823973,-7.99,-4.54,155.61376465231,-20.39,-11.58,162.307020470169,-13.69,-7.78,179,163.328856695893,-15.67,-8.75,FALSE,FALSE,TRUE,TRUE,FALSE,167.860967364746,-11.14,-6.22,FALSE,TRUE,TRUE,FALSE,167.860967364746,-25.08,-14.01,TRUE,FALSE,TRUE,FALSE
"1134",2017,1082616,188,168.356115965174,-19.64,-10.45,179.769237792123,-8.23,-4.38,177.44621517453,-10.55,-5.61,162,161.673920006872,-0.33,-0.2,TRUE,TRUE,TRUE,TRUE,TRUE,162.133568786929,0.13,0.08,TRUE,TRUE,TRUE,TRUE,162.133568786929,-9.42,-5.82,TRUE,TRUE,TRUE,TRUE
"1135",2017,1082618,160,176.168953923581,16.17,10.11,179.422130403753,19.42,12.14,166.469205477558,6.47,4.04,157,151.031126504689,-5.97,-3.8,FALSE,TRUE,FALSE,TRUE,TRUE,137.545412295626,-19.45,-12.39,TRUE,TRUE,TRUE,TRUE,137.545412295626,-12.34,-7.86,FALSE,FALSE,TRUE,TRUE
"1136",2017,1082620,182,192.976385985454,10.98,6.03,185.217281089627,3.22,1.77,187.110382047067,5.11,2.81,184,156.689423328301,-27.31,-14.84,TRUE,FALSE,FALSE,TRUE,FALSE,180.748163112159,-3.25,-1.77,FALSE,TRUE,TRUE,FALSE,180.748163112159,12.77,6.94,FALSE,TRUE,FALSE,TRUE
"1137",2017,1082621,134,142.050355272802,8.05,6.01,135.049610622679,1.05,0.78,141.56404391345,7.56,5.64,135,125.456967492144,-9.54,-7.07,FALSE,FALSE,TRUE,TRUE,FALSE,130.200664351222,-4.8,-3.56,FALSE,TRUE,TRUE,FALSE,130.200664351222,12.77,6.94,FALSE,TRUE,FALSE,TRUE
"1138",2017,1082622,160,176.234272777371,16.23,10.15,174.945772410224,14.95,9.34,185.263874146549,25.26,15.79,161,148.075312970108,-12.92,-8.03,FALSE,FALSE,TRUE,TRUE,FALSE,169.744819167802,8.74,5.43,FALSE,TRUE,FALSE,TRUE,169.744819167802,11.69,7.26,FALSE,TRUE,FALSE,TRUE
"1139",2017,1082623,207,192.932687443629,-14.07,-6.8,204.027226682208,-2.97,-1.44,210.039037394323,3.04,1.47,181,166.536381351798,-14.46,-7.99,TRUE,TRUE,TRUE,TRUE,TRUE,159.679577160295,-21.32,-11.78,TRUE,TRUE,TRUE,TRUE,159.679577160295,-9.64,-5.33,TRUE,TRUE,TRUE,TRUE
"1140",2017,1082624,157,169.287221619376,12.29,7.83,160.143597529811,3.14,2,165.222268349542,8.22,5.24,96,134.003172974638,38,39.59,TRUE,TRUE,TRUE,TRUE,TRUE,114.155626338789,18.16,18.91,TRUE,TRUE,TRUE,TRUE,114.155626338789,11.64,12.12,TRUE,TRUE,TRUE,TRUE
"1141",2017,1082625,153,158.56761726569,5.57,3.64,145.34119308447,-7.66,-5.01,137.816109563667,-15.18,-9.92,153,153.426606793995,0.43,0.28,FALSE,FALSE,FALSE,FALSE,FALSE,154.489956738537,1.49,0.97,FALSE,FALSE,FALSE,FALSE,154.489956738537,-11.03,-7.21,FALSE,FALSE,TRUE,FALSE
"1142",2017,1082627,209,214.016628575253,5.02,2.4,232.960933881862,23.96,11.46,217.897706506547,8.9,4.26,161,169.234756408958,8.23,5.11,TRUE,TRUE,TRUE,TRUE,TRUE,182.821956200231,21.82,13.55,TRUE,TRUE,TRUE,TRUE,182.821956200231,14.3,8.88,TRUE,TRUE,TRUE,TRUE
"1143",2017,1082628,162,161.727786646805,-0.27,-0.17,169.629834597607,7.63,4.71,154.528156567709,-7.47,-4.61,165,160.101333885295,-4.9,-2.97,FALSE,FALSE,TRUE,TRUE,FALSE,149.51187781509,-15.49,-9.39,FALSE,TRUE,TRUE,FALSE,149.51187781509,-15.02,-9.11,FALSE,TRUE,TRUE,FALSE
"1144",2017,1082629,161,170.569494766109,9.57,5.94,161.511752943257,0.51,0.32,163.474571384095,2.47,1.54,167,126.11902361126,-40.88,-24.48,TRUE,FALSE,FALSE,TRUE,FALSE,123.133840585001,-43.87,-26.27,TRUE,FALSE,TRUE,FALSE,123.133840585001,-35.6,-21.32,TRUE,FALSE,TRUE,FALSE
"1145",2017,1082630,185,181.527091706843,-3.47,-1.88,171.246971192696,-13.75,-7.43,167.589739141128,-17.41,-9.41,189,179.741938350128,-9.26,-4.9,FALSE,FALSE,TRUE,TRUE,FALSE,186.090752416153,-2.91,-1.54,FALSE,TRUE,FALSE,TRUE,186.090752416153,2.57,1.36,FALSE,TRUE,FALSE,TRUE
"1146",2017,1082631,155,144.607083365465,-10.39,-6.71,140.641372202407,-14.36,-9.26,157.804552806375,2.8,1.81,158,156.503256410917,-1.5,-0.95,FALSE,FALSE,TRUE,FALSE,TRUE,153.217974446902,-4.78,-3.03,FALSE,TRUE,TRUE,FALSE,153.217974446902,3,1.9,FALSE,TRUE,FALSE,TRUE
"1147",2017,1082632,208,166.13798431746,-41.86,-20.13,182.618892523171,-25.38,-12.2,207.277990016565,-0.72,-0.35,214,185.479583116792,-28.52,-13.33,TRUE,FALSE,FALSE,TRUE,FALSE,203.623014084192,-10.38,-4.85,FALSE,TRUE,TRUE,FALSE,203.623014084192,3.93,1.83,FALSE,TRUE,FALSE,TRUE
"1148",2017,1082633,138,146.420825570091,8.42,6.1,136.518071978224,-1.48,-1.07,126.044694445844,-11.96,-8.66,119,132.412214399104,13.41,11.27,FALSE,TRUE,FALSE,TRUE,TRUE,127.155244354221,8.16,6.85,FALSE,FALSE,TRUE,TRUE,127.155244354221,-0.59,-0.49,TRUE,TRUE,TRUE,TRUE
"1149",2017,1082634,148,144.961184659272,-3.04,-2.05,133.651209237379,-14.35,-9.7,146.654941711587,-1.35,-0.91,136,139.562508467763,3.56,2.62,FALSE,TRUE,FALSE,TRUE,TRUE,145.509636240757,9.51,6.99,FALSE,FALSE,TRUE,TRUE,145.509636240757,-3.34,-2.45,FALSE,FALSE,TRUE,TRUE
"1150",2017,1082635,212,183.617407761576,-28.38,-13.39,179.194215930765,-32.81,-15.47,202.978418535527,-9.02,-4.26,66,146.356996358734,80.36,121.75,TRUE,TRUE,TRUE,TRUE,TRUE,136.875661353103,70.88,107.39,TRUE,TRUE,TRUE,TRUE,136.875661353103,-3.34,-2.45,FALSE,FALSE,TRUE,TRUE
"1151",2017,1082636,158,142.915184990294,-15.08,-9.55,143.202541318816,-14.8,-9.37,158.638436804356,0.64,0.4,159,184.866654342084,25.87,16.27,FALSE,FALSE,TRUE,FALSE,TRUE,175.563093105399,16.56,10.42,FALSE,TRUE,FALSE,TRUE,175.563093105399,20.71,13.02,FALSE,TRUE,FALSE,TRUE
"1152",2017,1082637,189,161.563921572354,-27.44,-14.52,179.968769770793,-9.03,-4.78,187.728250045415,-1.27,-0.67,192,178.025705064077,-13.97,-7.28,FALSE,FALSE,TRUE,TRUE,FALSE,189.040117555633,-2.96,-1.54,FALSE,TRUE,FALSE,TRUE,189.040117555633,-3.14,-1.63,FALSE,TRUE,TRUE,FALSE
"1153",2017,1082638,138,145.269610388151,7.27,5.27,141.094029027277,3.09,2.24,145.455107360399,7.46,5.4,140,134.989352583263,-5.01,-3.58,FALSE,FALSE,TRUE,TRUE,FALSE,146.144333175537,6.14,4.39,FALSE,TRUE,FALSE,TRUE,146.144333175537,4.87,3.48,FALSE,TRUE,FALSE,TRUE
"1154",2017,1082639,167,153.531010653234,-13.47,-8.07,145.563544580675,-21.44,-12.84,168.039637206494,1.04,0.62,153,164.406652733815,11.41,7.46,FALSE,TRUE,FALSE,TRUE,TRUE,160.207054099643,7.21,4.71,FALSE,FALSE,TRUE,TRUE,160.207054099643,5.72,3.74,FALSE,FALSE,TRUE,TRUE
"1155",2017,1082640,195,161.36547996248,-33.63,-17.25,172.575387106562,-22.42,-11.5,187.999119022854,-7,-3.59,197,171.87805939631,-25.12,-12.75,TRUE,FALSE,FALSE,TRUE,FALSE,160.717600026563,-36.28,-18.42,TRUE,FALSE,TRUE,FALSE,160.717600026563,-34.11,-17.32,TRUE,FALSE,TRUE,FALSE
"1156",2017,1082641,230,192.128151860365,-37.87,-16.47,220.094963593984,-9.91,-4.31,229.637948233257,-0.36,-0.16,223,205.534114125009,-17.47,-7.83,TRUE,TRUE,TRUE,TRUE,TRUE,197.744385576397,-25.26,-11.33,TRUE,TRUE,TRUE,TRUE,197.744385576397,-29.84,-13.38,TRUE,TRUE,TRUE,TRUE
"1157",2017,1082642,168,162.464092628515,-5.54,-3.3,165.332219956445,-2.67,-1.59,172.627694795047,4.63,2.75,161,150.508110301818,-10.49,-6.52,FALSE,TRUE,FALSE,TRUE,TRUE,155.774259752166,-5.23,-3.25,FALSE,FALSE,TRUE,TRUE,155.774259752166,-4.44,-2.76,FALSE,FALSE,TRUE,TRUE
"1158",2017,1082643,154,181.782270055883,27.78,18.04,201.107786552367,47.11,30.59,154.769468131391,0.77,0.5,158,142.339800049546,-15.66,-9.91,FALSE,FALSE,TRUE,TRUE,FALSE,146.921714635263,-11.08,-7.01,FALSE,TRUE,TRUE,FALSE,146.921714635263,-0.32,-0.2,FALSE,TRUE,FALSE,TRUE
"1159",2017,1082644,173,171.570119381854,-1.43,-0.83,170.16893142328,-2.83,-1.64,178.590122261145,5.59,3.23,164,145.425731271206,-18.57,-11.33,TRUE,TRUE,TRUE,TRUE,TRUE,151.832391722445,-12.17,-7.42,TRUE,TRUE,TRUE,TRUE,151.832391722445,2.78,1.69,TRUE,TRUE,TRUE,TRUE
"1160",2017,1082646,161,157.772944439086,-3.23,-2,163.316936166126,2.32,1.44,155.040459299225,-5.96,-3.7,151,143.781448931367,-7.22,-4.78,TRUE,TRUE,TRUE,TRUE,TRUE,151.387868655971,0.39,0.26,FALSE,FALSE,TRUE,TRUE,151.387868655971,-3.18,-2.11,TRUE,TRUE,TRUE,TRUE
"1161",2017,1082647,162,147.47040812088,-14.53,-8.97,150.743138803288,-11.26,-6.95,154.18844250826,-7.81,-4.82,142,130.047607534417,-11.95,-8.42,TRUE,TRUE,TRUE,TRUE,TRUE,131.116741160838,-10.88,-7.66,TRUE,TRUE,TRUE,TRUE,131.116741160838,-3.69,-2.6,TRUE,TRUE,TRUE,TRUE
"1162",2017,1082649,107,134.196362096784,27.2,25.42,114.877191776058,7.88,7.36,128.850874778956,21.85,20.42,111,95.1608086486724,-15.84,-14.27,FALSE,FALSE,TRUE,TRUE,FALSE,100.374636073149,-10.63,-9.57,FALSE,TRUE,TRUE,FALSE,100.374636073149,8.67,7.81,FALSE,TRUE,FALSE,TRUE
"1163",2017,1082650,129,135.763343865212,6.76,5.24,137.918601453583,8.92,6.91,110.352447520496,-18.65,-14.46,128,127.636001900932,-0.36,-0.28,FALSE,TRUE,FALSE,TRUE,TRUE,130.0495461031,2.05,1.6,FALSE,FALSE,FALSE,FALSE,130.0495461031,-7.74,-6.05,FALSE,FALSE,TRUE,TRUE
